Name,Gender
L,Male
Kakashi HATAKE,Male
Edward ELRIC,Male
Light YAGAMI,Male
Levi,Male
Naruto UZUMAKI,Male
Mikasa ACKERMAN,Female
Ryuk,Male
Itachi UCHIHA,Male
Lelouch LAMPEROUGE,Male
Natsu DRAGNEEL,Male
Gaara,Male
Kirito,Male
Roy MUSTANG,Male
Erza SCARLET,Female
Osamu DAZAI,Male
Temari,Female
Minene URYUU,Female
Kyou FUJIBAYASHI,Female
Koshi SUGAWARA,Male
Tsuyu ASUI,Female
Usopp,Male
Aru AKISE,Male
Brook,Male
Masami IWASAWA,Female
Mayuri SHIINA,Female
Victor NIKIFOROV,Male
Simon,Male
Kyuubi,Male
Haruka NANASE,Male
Osamu DAZAI,Male
Temari,Female
Minene URYUU,Female
Kyou FUJIBAYASHI,Female
Koshi SUGAWARA,Male
Tsuyu ASUI,Female
Usopp,Male
Aru AKISE,Male
Brook,Male
Masami IWASAWA,Female
Mayuri SHIINA,Female
Victor NIKIFOROV,Male
Simon,Male
Kyuubi,Male
Haruka NANASE,Male
Osamu DAZAI,Male
Temari,Female
Minene URYUU,Female
Kyou FUJIBAYASHI,Female
Koshi SUGAWARA,Male
Tsuyu ASUI,Female
Usopp,Male
Aru AKISE,Male
Brook,Male
Masami IWASAWA,Female
Mayuri SHIINA,Female
Victor NIKIFOROV,Male
Simon,Male
Kyuubi,Male
Haruka NANASE,Male
Osamu DAZAI,Male
Temari,Female
Minene URYUU,Female
Kyou FUJIBAYASHI,Female
Koshi SUGAWARA,Male
Tsuyu ASUI,Female
Usopp,Male
Aru AKISE,Male
Brook,Male
Masami IWASAWA,Female
Mayuri SHIINA,Female
Victor NIKIFOROV,Male
Simon,Male
Kyuubi,Male
Haruka NANASE,Male
Osamu DAZAI,Male
Temari,Female
Minene URYUU,Female
Kyou FUJIBAYASHI,Female
Koshi SUGAWARA,Male
Tsuyu ASUI,Female
Usopp,Male
Aru AKISE,Male
Brook,Male
Masami IWASAWA,Female
Mayuri SHIINA,Female
Victor NIKIFOROV,Male
Simon,Male
Kyuubi,Male
Haruka NANASE,Male
Osamu DAZAI,Male
Temari,Female
Minene URYUU,Female
Kyou FUJIBAYASHI,Female
Koshi SUGAWARA,Male
Tsuyu ASUI,Female
Usopp,Male
Aru AKISE,Male
Brook,Male
Masami IWASAWA,Female
Mayuri SHIINA,Female
Victor NIKIFOROV,Male
Simon,Male
Kyuubi,Male
Haruka NANASE,Male
Osamu DAZAI,Male
Temari,Female
Minene URYUU,Female
Kyou FUJIBAYASHI,Female
Koshi SUGAWARA,Male
Tsuyu ASUI,Female
Usopp,Male
Aru AKISE,Male
Brook,Male
Masami IWASAWA,Female
Mayuri SHIINA,Female
Victor NIKIFOROV,Male
Simon,Male
Kyuubi,Male
Haruka NANASE,Male
Osamu DAZAI,Male
Temari,Female
Minene URYUU,Female
Kyou FUJIBAYASHI,Female
Koshi SUGAWARA,Male
Tsuyu ASUI,Female
Usopp,Male
Aru AKISE,Male
Brook,Male
Masami IWASAWA,Female
Mayuri SHIINA,Female
Victor NIKIFOROV,Male
Simon,Male
Kyuubi,Male
Haruka NANASE,Male
Osamu DAZAI,Male
Temari,Female
Minene URYUU,Female
Kyou FUJIBAYASHI,Female
Koshi SUGAWARA,Male
Tsuyu ASUI,Female
Usopp,Male
Aru AKISE,Male
Brook,Male
Masami IWASAWA,Female
Mayuri SHIINA,Female
Victor NIKIFOROV,Male
Simon,Male
Kyuubi,Male
Haruka NANASE,Male
Osamu DAZAI,Male
Temari,Female
Minene URYUU,Female
Kyou FUJIBAYASHI,Female
Koshi SUGAWARA,Male
Tsuyu ASUI,Female
Usopp,Male
Aru AKISE,Male
Brook,Male
Masami IWASAWA,Female
Mayuri SHIINA,Female
Victor NIKIFOROV,Male
Simon,Male
Kyuubi,Male
Haruka NANASE,Male
Osamu DAZAI,Male
Temari,Female
Minene URYUU,Female
Kyou FUJIBAYASHI,Female
Koshi SUGAWARA,Male
Tsuyu ASUI,Female
Usopp,Male
Aru AKISE,Male
Brook,Male
Masami IWASAWA,Female
Mayuri SHIINA,Female
Victor NIKIFOROV,Male
Simon,Male
Kyuubi,Male
Haruka NANASE,Male
Osamu DAZAI,Male
Temari,Female
Minene URYUU,Female
Kyou FUJIBAYASHI,Female
Koshi SUGAWARA,Male
Tsuyu ASUI,Female
Usopp,Male
Aru AKISE,Male
Brook,Male
Masami IWASAWA,Female
Mayuri SHIINA,Female
Victor NIKIFOROV,Male
Simon,Male
Kyuubi,Male
Haruka NANASE,Male
Osamu DAZAI,Male
Temari,Female
Minene URYUU,Female
Kyou FUJIBAYASHI,Female
Koshi SUGAWARA,Male
Tsuyu ASUI,Female
Usopp,Male
Aru AKISE,Male
Brook,Male
Masami IWASAWA,Female
Mayuri SHIINA,Female
Victor NIKIFOROV,Male
Simon,Male
Kyuubi,Male
Haruka NANASE,Male
Osamu DAZAI,Male
Temari,Female
Minene URYUU,Female
Kyou FUJIBAYASHI,Female
Koshi SUGAWARA,Male
Tsuyu ASUI,Female
Usopp,Male
Aru AKISE,Male
Brook,Male
Masami IWASAWA,Female
Mayuri SHIINA,Female
Victor NIKIFOROV,Male
Simon,Male
Kyuubi,Male
Haruka NANASE,Male
Osamu DAZAI,Male
Temari,Female
Minene URYUU,Female
Kyou FUJIBAYASHI,Female
Koshi SUGAWARA,Male
Tsuyu ASUI,Female
Usopp,Male
Aru AKISE,Male
Brook,Male
Masami IWASAWA,Female
Mayuri SHIINA,Female
Victor NIKIFOROV,Male
Simon,Male
Kyuubi,Male
Haruka NANASE,Male
Osamu DAZAI,Male
Temari,Female
Minene URYUU,Female
Kyou FUJIBAYASHI,Female
Koshi SUGAWARA,Male
Tsuyu ASUI,Female
Usopp,Male
Aru AKISE,Male
Brook,Male
Masami IWASAWA,Female
Mayuri SHIINA,Female
Victor NIKIFOROV,Male
Simon,Male
Kyuubi,Male
Haruka NANASE,Male
Osamu DAZAI,Male
Temari,Female
Minene URYUU,Female
Kyou FUJIBAYASHI,Female
Koshi SUGAWARA,Male
Tsuyu ASUI,Female
Usopp,Male
Aru AKISE,Male
Brook,Male
Masami IWASAWA,Female
Mayuri SHIINA,Female
Victor NIKIFOROV,Male
Simon,Male
Kyuubi,Male
Haruka NANASE,Male
Osamu DAZAI,Male
Temari,Female
Minene URYUU,Female
Kyou FUJIBAYASHI,Female
Koshi SUGAWARA,Male
Tsuyu ASUI,Female
Usopp,Male
Aru AKISE,Male
Brook,Male
Masami IWASAWA,Female
Mayuri SHIINA,Female
Victor NIKIFOROV,Male
Simon,Male
Kyuubi,Male
Haruka NANASE,Male
Osamu DAZAI,Male
Temari,Female
Minene URYUU,Female
Kyou FUJIBAYASHI,Female
Koshi SUGAWARA,Male
Tsuyu ASUI,Female
Usopp,Male
Aru AKISE,Male
Brook,Male
Masami IWASAWA,Female
Mayuri SHIINA,Female
Victor NIKIFOROV,Male
Simon,Male
Kyuubi,Male
Haruka NANASE,Male
Osamu DAZAI,Male
Temari,Female
Minene URYUU,Female
Kyou FUJIBAYASHI,Female
Koshi SUGAWARA,Male
Tsuyu ASUI,Female
Usopp,Male
Aru AKISE,Male
Brook,Male
Masami IWASAWA,Female
Mayuri SHIINA,Female
Victor NIKIFOROV,Male
Simon,Male
Kyuubi,Male
Haruka NANASE,Male
Osamu DAZAI,Male
Temari,Female
Minene URYUU,Female
Kyou FUJIBAYASHI,Female
Koshi SUGAWARA,Male
Tsuyu ASUI,Female
Usopp,Male
Aru AKISE,Male
Brook,Male
Masami IWASAWA,Female
Mayuri SHIINA,Female
Victor NIKIFOROV,Male
Simon,Male
Kyuubi,Male
Haruka NANASE,Male
Osamu DAZAI,Male
Temari,Female
Minene URYUU,Female
Kyou FUJIBAYASHI,Female
Koshi SUGAWARA,Male
Tsuyu ASUI,Female
Usopp,Male
Aru AKISE,Male
Brook,Male
Masami IWASAWA,Female
Mayuri SHIINA,Female
Victor NIKIFOROV,Male
Simon,Male
Kyuubi,Male
Haruka NANASE,Male
Osamu DAZAI,Male
Temari,Female
Minene URYUU,Female
Kyou FUJIBAYASHI,Female
Koshi SUGAWARA,Male
Tsuyu ASUI,Female
Usopp,Male
Aru AKISE,Male
Brook,Male
Masami IWASAWA,Female
Mayuri SHIINA,Female
Victor NIKIFOROV,Male
Simon,Male
Kyuubi,Male
Haruka NANASE,Male
Osamu DAZAI,Male
Temari,Female
Minene URYUU,Female
Kyou FUJIBAYASHI,Female
Koshi SUGAWARA,Male
Tsuyu ASUI,Female
Usopp,Male
Aru AKISE,Male
Brook,Male
Masami IWASAWA,Female
Mayuri SHIINA,Female
Victor NIKIFOROV,Male
Simon,Male
Kyuubi,Male
Haruka NANASE,Male
Osamu DAZAI,Male
Temari,Female
Minene URYUU,Female
Kyou FUJIBAYASHI,Female
Koshi SUGAWARA,Male
Tsuyu ASUI,Female
Usopp,Male
Aru AKISE,Male
Brook,Male
Masami IWASAWA,Female
Mayuri SHIINA,Female
Victor NIKIFOROV,Male
Simon,Male
Kyuubi,Male
Haruka NANASE,Male
Osamu DAZAI,Male
Temari,Female
Minene URYUU,Female
Kyou FUJIBAYASHI,Female
Koshi SUGAWARA,Male
Tsuyu ASUI,Female
Usopp,Male
Aru AKISE,Male
Brook,Male
Masami IWASAWA,Female
Mayuri SHIINA,Female
Victor NIKIFOROV,Male
Simon,Male
Kyuubi,Male
Haruka NANASE,Male
Osamu DAZAI,Male
Temari,Female
Minene URYUU,Female
Kyou FUJIBAYASHI,Female
Koshi SUGAWARA,Male
Tsuyu ASUI,Female
Usopp,Male
Aru AKISE,Male
Brook,Male
Masami IWASAWA,Female
Mayuri SHIINA,Female
Victor NIKIFOROV,Male
Simon,Male
Kyuubi,Male
Haruka NANASE,Male
Osamu DAZAI,Male
Temari,Female
Minene URYUU,Female
Kyou FUJIBAYASHI,Female
Koshi SUGAWARA,Male
Tsuyu ASUI,Female
Usopp,Male
Aru AKISE,Male
Brook,Male
Masami IWASAWA,Female
Mayuri SHIINA,Female
Victor NIKIFOROV,Male
Simon,Male
Kyuubi,Male
Haruka NANASE,Male
Osamu DAZAI,Male
Temari,Female
Minene URYUU,Female
Kyou FUJIBAYASHI,Female
Koshi SUGAWARA,Male
Tsuyu ASUI,Female
Usopp,Male
Aru AKISE,Male
Brook,Male
Masami IWASAWA,Female
Mayuri SHIINA,Female
Victor NIKIFOROV,Male
Simon,Male
Kyuubi,Male
Haruka NANASE,Male
Osamu DAZAI,Male
Temari,Female
Minene URYUU,Female
Kyou FUJIBAYASHI,Female
Koshi SUGAWARA,Male
Tsuyu ASUI,Female
Usopp,Male
Aru AKISE,Male
Brook,Male
Masami IWASAWA,Female
Mayuri SHIINA,Female
Victor NIKIFOROV,Male
Simon,Male
Kyuubi,Male
Haruka NANASE,Male
Osamu DAZAI,Male
Temari,Female
Minene URYUU,Female
Kyou FUJIBAYASHI,Female
Koshi SUGAWARA,Male
Tsuyu ASUI,Female
Usopp,Male
Aru AKISE,Male
Brook,Male
Masami IWASAWA,Female
Mayuri SHIINA,Female
Victor NIKIFOROV,Male
Simon,Male
Kyuubi,Male
Haruka NANASE,Male
Osamu DAZAI,Male
Temari,Female
Minene URYUU,Female
Kyou FUJIBAYASHI,Female
Koshi SUGAWARA,Male
Tsuyu ASUI,Female
Usopp,Male
Aru AKISE,Male
Brook,Male
Masami IWASAWA,Female
Mayuri SHIINA,Female
Victor NIKIFOROV,Male
Simon,Male
Kyuubi,Male
Haruka NANASE,Male
Osamu DAZAI,Male
Temari,Female
Minene URYUU,Female
Kyou FUJIBAYASHI,Female
Koshi SUGAWARA,Male
Tsuyu ASUI,Female
Usopp,Male
Aru AKISE,Male
Brook,Male
Masami IWASAWA,Female
Mayuri SHIINA,Female
Victor NIKIFOROV,Male
Simon,Male
Kyuubi,Male
Haruka NANASE,Male
Osamu DAZAI,Male
Temari,Female
Minene URYUU,Female
Kyou FUJIBAYASHI,Female
Koshi SUGAWARA,Male
Tsuyu ASUI,Female
Usopp,Male
Aru AKISE,Male
Brook,Male
Masami IWASAWA,Female
Mayuri SHIINA,Female
Victor NIKIFOROV,Male
Simon,Male
Kyuubi,Male
Haruka NANASE,Male
Osamu DAZAI,Male
Temari,Female
Minene URYUU,Female
Kyou FUJIBAYASHI,Female
Koshi SUGAWARA,Male
Tsuyu ASUI,Female
Usopp,Male
Aru AKISE,Male
Brook,Male
Masami IWASAWA,Female
Mayuri SHIINA,Female
Victor NIKIFOROV,Male
Simon,Male
Kyuubi,Male
Haruka NANASE,Male
Osamu DAZAI,Male
Temari,Female
Minene URYUU,Female
Kyou FUJIBAYASHI,Female
Koshi SUGAWARA,Male
Tsuyu ASUI,Female
Usopp,Male
Aru AKISE,Male
Brook,Male
Masami IWASAWA,Female
Mayuri SHIINA,Female
Victor NIKIFOROV,Male
Simon,Male
Kyuubi,Male
Haruka NANASE,Male
Osamu DAZAI,Male
Temari,Female
Minene URYUU,Female
Kyou FUJIBAYASHI,Female
Koshi SUGAWARA,Male
Tsuyu ASUI,Female
Usopp,Male
Aru AKISE,Male
Brook,Male
Masami IWASAWA,Female
Mayuri SHIINA,Female
Victor NIKIFOROV,Male
Simon,Male
Kyuubi,Male
Haruka NANASE,Male
Osamu DAZAI,Male
Temari,Female
Minene URYUU,Female
Kyou FUJIBAYASHI,Female
Koshi SUGAWARA,Male
Tsuyu ASUI,Female
Usopp,Male
Aru AKISE,Male
Brook,Male
Masami IWASAWA,Female
Mayuri SHIINA,Female
Victor NIKIFOROV,Male
Simon,Male
Kyuubi,Male
Haruka NANASE,Male
Osamu DAZAI,Male
Temari,Female
Minene URYUU,Female
Kyou FUJIBAYASHI,Female
Koshi SUGAWARA,Male
Tsuyu ASUI,Female
Usopp,Male
Aru AKISE,Male
Brook,Male
Masami IWASAWA,Female
Mayuri SHIINA,Female
Victor NIKIFOROV,Male
Simon,Male
Kyuubi,Male
Haruka NANASE,Male
Osamu DAZAI,Male
Temari,Female
Minene URYUU,Female
Kyou FUJIBAYASHI,Female
Koshi SUGAWARA,Male
Tsuyu ASUI,Female
Usopp,Male
Aru AKISE,Male
Brook,Male
Masami IWASAWA,Female
Mayuri SHIINA,Female
Victor NIKIFOROV,Male
Simon,Male
Kyuubi,Male
Haruka NANASE,Male
Osamu DAZAI,Male
Temari,Female
Minene URYUU,Female
Kyou FUJIBAYASHI,Female
Koshi SUGAWARA,Male
Tsuyu ASUI,Female
Usopp,Male
Aru AKISE,Male
Brook,Male
Masami IWASAWA,Female
Mayuri SHIINA,Female
Victor NIKIFOROV,Male
Simon,Male
Kyuubi,Male
Haruka NANASE,Male
Osamu DAZAI,Male
Temari,Female
Minene URYUU,Female
Kyou FUJIBAYASHI,Female
Koshi SUGAWARA,Male
Tsuyu ASUI,Female
Usopp,Male
Aru AKISE,Male
Brook,Male
Masami IWASAWA,Female
Mayuri SHIINA,Female
Victor NIKIFOROV,Male
Simon,Male
Kyuubi,Male
Haruka NANASE,Male
Osamu DAZAI,Male
Temari,Female
Minene URYUU,Female
Kyou FUJIBAYASHI,Female
Koshi SUGAWARA,Male
Tsuyu ASUI,Female
Usopp,Male
Aru AKISE,Male
Brook,Male
Masami IWASAWA,Female
Mayuri SHIINA,Female
Victor NIKIFOROV,Male
Simon,Male
Kyuubi,Male
Haruka NANASE,Male
Osamu DAZAI,Male
Temari,Female
Minene URYUU,Female
Kyou FUJIBAYASHI,Female
Koshi SUGAWARA,Male
Tsuyu ASUI,Female
Usopp,Male
Aru AKISE,Male
Brook,Male
Masami IWASAWA,Female
Mayuri SHIINA,Female
Victor NIKIFOROV,Male
Simon,Male
Kyuubi,Male
Haruka NANASE,Male
Osamu DAZAI,Male
Temari,Female
Minene URYUU,Female
Kyou FUJIBAYASHI,Female
Koshi SUGAWARA,Male
Tsuyu ASUI,Female
Usopp,Male
Aru AKISE,Male
Brook,Male
Masami IWASAWA,Female
Mayuri SHIINA,Female
Victor NIKIFOROV,Male
Simon,Male
Kyuubi,Male
Haruka NANASE,Male
Osamu DAZAI,Male
Temari,Female
Minene URYUU,Female
Kyou FUJIBAYASHI,Female
Koshi SUGAWARA,Male
Tsuyu ASUI,Female
Usopp,Male
Aru AKISE,Male
Brook,Male
Masami IWASAWA,Female
Mayuri SHIINA,Female
Victor NIKIFOROV,Male
Simon,Male
Kyuubi,Male
Haruka NANASE,Male
Osamu DAZAI,Male
Temari,Female
Minene URYUU,Female
Kyou FUJIBAYASHI,Female
Koshi SUGAWARA,Male
Tsuyu ASUI,Female
Usopp,Male
Aru AKISE,Male
Brook,Male
Masami IWASAWA,Female
Mayuri SHIINA,Female
Victor NIKIFOROV,Male
Simon,Male
Kyuubi,Male
Haruka NANASE,Male
